{"mean":{"confidence_interval":{"confidence_level":0.95,"lower_bound":0.10577724555815471,"upper_bound":0.14413591547254176},"point_estimate":0.12427834552182127,"standard_error":0.009981554647919794},"median":{"confidence_interval":{"confidence_level":0.95,"lower_bound":0.08208381528838338,"upper_bound":0.11645525105014953},"point_estimate":0.09827351101217419,"standard_error":0.008991705239458825}}