{"mean":{"confidence_interval":{"confidence_level":0.95,"lower_bound":0.152262157201661,"upper_bound":0.1952628410525948},"point_estimate":0.1705791739584035,"standard_error":0.011175875268980546},"median":{"confidence_interval":{"confidence_level":0.95,"lower_bound":0.14228867244619536,"upper_bound":0.16412735017359284},"point_estimate":0.1561416835663174,"standard_error":0.005540899020992486}}