{"mean":{"confidence_interval":{"confidence_level":0.95,"lower_bound":-0.007230428974285496,"upper_bound":0.02955711709869675},"point_estimate":0.011955240181034998,"standard_error":0.00938738141121332},"median":{"confidence_interval":{"confidence_level":0.95,"lower_bound":0.02548741028331558,"upper_bound":0.049684696389012295},"point_estimate":0.042665522745775286,"standard_error":0.006051865447942473}}