{"mean":{"confidence_interval":{"confidence_level":0.95,"lower_bound":0.11515657294091361,"upper_bound":0.13053239139177467},"point_estimate":0.12304178538292221,"standard_error":0.0038974269115193386},"median":{"confidence_interval":{"confidence_level":0.95,"lower_bound":0.11789349712285091,"upper_bound":0.1313585178305543},"point_estimate":0.12642851253494003,"standard_error":0.0033898655063119808}}