{"mean":{"confidence_interval":{"confidence_level":0.95,"lower_bound":8484.648002627779,"upper_bound":8599.350078709314},"point_estimate":8537.841281194054,"standard_error":29.32416800877324},"median":{"confidence_interval":{"confidence_level":0.95,"lower_bound":8417.009635982267,"upper_bound":8489.576826621655},"point_estimate":8459.539816515336,"standard_error":19.480736125677314},"median_abs_dev":{"confidence_interval":{"confidence_level":0.95,"lower_bound":98.03978080780567,"upper_bound":194.189894469518},"point_estimate":140.93184404540276,"standard_error":25.881891684163868},"slope":{"confidence_interval":{"confidence_level":0.95,"lower_bound":8469.160397669515,"upper_bound":8641.664043973235},"point_estimate":8547.821494550124,"standard_error":44.14352617212295},"std_dev":{"confidence_interval":{"confidence_level":0.95,"lower_bound":189.99312438843313,"upper_bound":389.5328579812862},"point_estimate":294.85898588239166,"standard_error":51.18569079494328}}