{"mean":{"confidence_interval":{"confidence_level":0.95,"lower_bound":0.19068448240663943,"upper_bound":0.2355418747272533},"point_estimate":0.2099000622586955,"standard_error":0.011406335032249438},"median":{"confidence_interval":{"confidence_level":0.95,"lower_bound":0.18193604875928693,"upper_bound":0.19469301128644487},"point_estimate":0.1883286096666874,"standard_error":0.0031249099346841577}}