{"mean":{"confidence_interval":{"confidence_level":0.95,"lower_bound":0.023190434192737766,"upper_bound":0.13713280480914655},"point_estimate":0.08222051263065921,"standard_error":0.029698439490162053},"median":{"confidence_interval":{"confidence_level":0.95,"lower_bound":-0.029544527813125998,"upper_bound":-0.021010649638289913},"point_estimate":-0.026365101333892915,"standard_error":0.002149133280236156}}