{"mean":{"confidence_interval":{"confidence_level":0.95,"lower_bound":0.3538709490783056,"upper_bound":0.45290561517879485},"point_estimate":0.40312270201196143,"standard_error":0.02479753862336096},"median":{"confidence_interval":{"confidence_level":0.95,"lower_bound":0.24327389644335654,"upper_bound":0.43787442370553387},"point_estimate":0.3089058906275697,"standard_error":0.0478856394269278}}