{"mean":{"confidence_interval":{"confidence_level":0.95,"lower_bound":0.651911292245856,"upper_bound":0.833960710738422},"point_estimate":0.7360954923656058,"standard_error":0.04551988994107147},"median":{"confidence_interval":{"confidence_level":0.95,"lower_bound":0.9095292240320498,"upper_bound":1.0394027079684225},"point_estimate":1.007768511125016,"standard_error":0.05968477137646554}}