{"mean":{"confidence_interval":{"confidence_level":0.95,"lower_bound":0.13426788847639679,"upper_bound":0.1804347427657964},"point_estimate":0.15523212290307442,"standard_error":0.01200760047229841},"median":{"confidence_interval":{"confidence_level":0.95,"lower_bound":0.10700379930016335,"upper_bound":0.14712971162645072},"point_estimate":0.12795103812912068,"standard_error":0.009869303770468513}}