{"mean":{"confidence_interval":{"confidence_level":0.95,"lower_bound":166.815784613066,"upper_bound":170.23377711787893},"point_estimate":168.58636094855297,"standard_error":0.870615705095062},"median":{"confidence_interval":{"confidence_level":0.95,"lower_bound":167.5089163446546,"upper_bound":170.58077828800188},"point_estimate":168.74130131613353,"standard_error":0.7385196244427408},"median_abs_dev":{"confidence_interval":{"confidence_level":0.95,"lower_bound":4.3979242306954225,"upper_bound":8.007093507673028},"point_estimate":5.853240310241654,"standard_error":0.9343360843239065},"slope":{"confidence_interval":{"confidence_level":0.95,"lower_bound":164.87465410362256,"upper_bound":170.665714544661},"point_estimate":167.9016828256551,"standard_error":1.478521380584119},"std_dev":{"confidence_interval":{"confidence_level":0.95,"lower_bound":6.421899590380482,"upper_bound":11.102535769243444},"point_estimate":8.725354096486557,"standard_error":1.218286436872678}}