{"mean":{"confidence_interval":{"confidence_level":0.95,"lower_bound":-0.1539083359926328,"upper_bound":-0.08864481495782414},"point_estimate":-0.12088197164874426,"standard_error":0.016631469379114635},"median":{"confidence_interval":{"confidence_level":0.95,"lower_bound":-0.09652008955068281,"upper_bound":-0.034425156304209614},"point_estimate":-0.07518484786101387,"standard_error":0.015661209790283577}}