{"mean":{"confidence_interval":{"confidence_level":0.95,"lower_bound":-0.10560122329393715,"upper_bound":-0.06028935021558635},"point_estimate":-0.08249739433677605,"standard_error":0.011556015459837959},"median":{"confidence_interval":{"confidence_level":0.95,"lower_bound":-0.05003311117181508,"upper_bound":-0.021026512740277004},"point_estimate":-0.03828411898108408,"standard_error":0.007612622448361566}}