{"mean":{"confidence_interval":{"confidence_level":0.95,"lower_bound":0.0321427817182982,"upper_bound":0.04862310067848366},"point_estimate":0.04046518597988369,"standard_error":0.004202549294417387},"median":{"confidence_interval":{"confidence_level":0.95,"lower_bound":0.03167728025534955,"upper_bound":0.057409865959642925},"point_estimate":0.05004719413602521,"standard_error":0.0057193777338766984}}