{"mean":{"confidence_interval":{"confidence_level":0.95,"lower_bound":0.436040878103752,"upper_bound":0.6363065046909026},"point_estimate":0.5259850667462922,"standard_error":0.05204882774093204},"median":{"confidence_interval":{"confidence_level":0.95,"lower_bound":0.24807391702005943,"upper_bound":0.34134235988656747},"point_estimate":0.2841838407905437,"standard_error":0.02828064295980436}}