{"mean":{"confidence_interval":{"confidence_level":0.95,"lower_bound":16455.065514651273,"upper_bound":16995.220775635236},"point_estimate":16708.857659835237,"standard_error":138.14444993148925},"median":{"confidence_interval":{"confidence_level":0.95,"lower_bound":16067.589251194513,"upper_bound":16559.502923976608},"point_estimate":16289.108108332297,"standard_error":130.0189871967331},"median_abs_dev":{"confidence_interval":{"confidence_level":0.95,"lower_bound":554.5026071149053,"upper_bound":985.9593704154184},"point_estimate":828.046248227869,"standard_error":109.57656505606346},"slope":{"confidence_interval":{"confidence_level":0.95,"lower_bound":16533.83418592096,"upper_bound":17705.527473984315},"point_estimate":17084.545290068676,"standard_error":301.44084459493513},"std_dev":{"confidence_interval":{"confidence_level":0.95,"lower_bound":935.4086703190717,"upper_bound":1803.320548670183},"point_estimate":1388.7432552115843,"standard_error":223.30182416972352}}