{"mean":{"confidence_interval":{"confidence_level":0.95,"lower_bound":0.2982706467349133,"upper_bound":0.38062460618585503},"point_estimate":0.3364458720030028,"standard_error":0.020527888545212206},"median":{"confidence_interval":{"confidence_level":0.95,"lower_bound":0.22737874175549289,"upper_bound":0.3586320488703647},"point_estimate":0.2996152517113504,"standard_error":0.027845716860726885}}