{"mean":{"confidence_interval":{"confidence_level":0.95,"lower_bound":-0.21246386175224144,"upper_bound":-0.16171942078549298},"point_estimate":-0.1875817726146951,"standard_error":0.012985428427279623},"median":{"confidence_interval":{"confidence_level":0.95,"lower_bound":-0.23034321056035345,"upper_bound":-0.13425132267921147},"point_estimate":-0.1888023545008516,"standard_error":0.024775152285098304}}