{"mean":{"confidence_interval":{"confidence_level":0.95,"lower_bound":0.14229264176416978,"upper_bound":0.23673062544307893},"point_estimate":0.1836128209976564,"standard_error":0.02370882091765729},"median":{"confidence_interval":{"confidence_level":0.95,"lower_bound":0.0592625317883133,"upper_bound":0.11253788660233233},"point_estimate":0.0697204209429707,"standard_error":0.014378793826814975}}