{"mean":{"confidence_interval":{"confidence_level":0.95,"lower_bound":1.03818177554361,"upper_bound":1.0952917117433585},"point_estimate":1.0682106479443454,"standard_error":0.014851617943249849},"median":{"confidence_interval":{"confidence_level":0.95,"lower_bound":1.050736926628725,"upper_bound":1.1060121365810232},"point_estimate":1.0668079259452168,"standard_error":0.014401555234434645}}