{"mean":{"confidence_interval":{"confidence_level":0.95,"lower_bound":299.33480534929106,"upper_bound":330.79463155969677},"point_estimate":314.22596094473056,"standard_error":8.038850451029722},"median":{"confidence_interval":{"confidence_level":0.95,"lower_bound":280.35237803423615,"upper_bound":282.68873768258294},"point_estimate":281.1504879955013,"standard_error":0.5912848626455632},"median_abs_dev":{"confidence_interval":{"confidence_level":0.95,"lower_bound":4.590347339739716,"upper_bound":8.555852913320521},"point_estimate":6.021795850955599,"standard_error":1.043200936813081},"slope":{"confidence_interval":{"confidence_level":0.95,"lower_bound":328.3630838496988,"upper_bound":394.87255037646975},"point_estimate":362.724342907992,"standard_error":16.985237274511768},"std_dev":{"confidence_interval":{"confidence_level":0.95,"lower_bound":60.23050891897165,"upper_bound":96.71753827057088},"point_estimate":80.84277102739607,"standard_error":9.344226468134568}}