{"mean":{"confidence_interval":{"confidence_level":0.95,"lower_bound":0.11677316944605312,"upper_bound":0.14880403931183475},"point_estimate":0.1326067513785547,"standard_error":0.008173229664250603},"median":{"confidence_interval":{"confidence_level":0.95,"lower_bound":0.117312312696773,"upper_bound":0.13078119686502054},"point_estimate":0.12453571101931504,"standard_error":0.0032932832771846924}}