{"mean":{"confidence_interval":{"confidence_level":0.95,"lower_bound":0.18610613752750582,"upper_bound":0.2148091217782897},"point_estimate":0.20002670404124623,"standard_error":0.007472748818288165},"median":{"confidence_interval":{"confidence_level":0.95,"lower_bound":0.17785948434957813,"upper_bound":0.2034901552407542},"point_estimate":0.18590982398991152,"standard_error":0.007953255739290647}}