{"mean":{"confidence_interval":{"confidence_level":0.95,"lower_bound":0.17042850550219776,"upper_bound":0.2103232092609342},"point_estimate":0.1898433766509129,"standard_error":0.010552698436347286},"median":{"confidence_interval":{"confidence_level":0.95,"lower_bound":0.13423100820417266,"upper_bound":0.17180102841145084},"point_estimate":0.14743893557418675,"standard_error":0.011877693739499665}}