{"mean":{"confidence_interval":{"confidence_level":0.95,"lower_bound":-0.036772963178463666,"upper_bound":0.0025545175531266886},"point_estimate":-0.014631335278605717,"standard_error":0.010206928700859985},"median":{"confidence_interval":{"confidence_level":0.95,"lower_bound":-0.013107054444471133,"upper_bound":0.010594128696877148},"point_estimate":-0.005506995976181872,"standard_error":0.00602529459160974}}