{"mean":{"confidence_interval":{"confidence_level":0.95,"lower_bound":-0.0017712813392255853,"upper_bound":0.013151204174250062},"point_estimate":0.004949011614837406,"standard_error":0.003690983704589075},"median":{"confidence_interval":{"confidence_level":0.95,"lower_bound":-0.005470907704744121,"upper_bound":0.005279382909142649},"point_estimate":0.0007957003115868222,"standard_error":0.002772008021784176}}