{"mean":{"confidence_interval":{"confidence_level":0.95,"lower_bound":0.2001891388688951,"upper_bound":0.21793481889430108},"point_estimate":0.20804393358554862,"standard_error":0.004485559193769326},"median":{"confidence_interval":{"confidence_level":0.95,"lower_bound":0.19944093750695635,"upper_bound":0.21011832320470303},"point_estimate":0.205011787392555,"standard_error":0.0027161254838217143}}