{"mean":{"confidence_interval":{"confidence_level":0.95,"lower_bound":0.12007151849708336,"upper_bound":0.1689125293780124},"point_estimate":0.1403745797931364,"standard_error":0.012823584396457194},"median":{"confidence_interval":{"confidence_level":0.95,"lower_bound":0.0991692644351608,"upper_bound":0.12074684122764023},"point_estimate":0.11075792425330588,"standard_error":0.005361851965941727}}