{"mean":{"confidence_interval":{"confidence_level":0.95,"lower_bound":0.45547231379282127,"upper_bound":0.6001911708281551},"point_estimate":0.5348247854860033,"standard_error":0.03685846897667604},"median":{"confidence_interval":{"confidence_level":0.95,"lower_bound":0.2678853976705162,"upper_bound":0.40185331282523673},"point_estimate":0.32513763436547705,"standard_error":0.03271580976681162}}