{"mean":{"confidence_interval":{"confidence_level":0.95,"lower_bound":1.0347322161097043,"upper_bound":1.0888920039703835},"point_estimate":1.0628655590761311,"standard_error":0.013644493141023912},"median":{"confidence_interval":{"confidence_level":0.95,"lower_bound":1.0630217949196696,"upper_bound":1.1039485985583766},"point_estimate":1.081036928393425,"standard_error":0.009981153343740666}}