{"mean":{"confidence_interval":{"confidence_level":0.95,"lower_bound":1.3261584170661607,"upper_bound":1.4441679367230413},"point_estimate":1.3805872483616324,"standard_error":0.02962544868146988},"median":{"confidence_interval":{"confidence_level":0.95,"lower_bound":1.3664689915960415,"upper_bound":1.4202633531441484},"point_estimate":1.3958791989947628,"standard_error":0.014999605870430182}}