{"mean":{"confidence_interval":{"confidence_level":0.95,"lower_bound":-0.12491593513385947,"upper_bound":-0.08167862214819756},"point_estimate":-0.10220963969948282,"standard_error":0.011074187461565842},"median":{"confidence_interval":{"confidence_level":0.95,"lower_bound":-0.10668793377776276,"upper_bound":-0.04651623915100633},"point_estimate":-0.060296885287876245,"standard_error":0.01720995721657798}}